14.250277777777777;0.0
14.250555555555556;-345.2806900000006
14.250833333333333;-349.3710000000008
14.251111111111111;-360.55800000000175
14.251388888888888;-371.5023599999986
14.251666666666667;-379.9065599999995
14.251944444444444;-386.53163999999794
14.252222222222223;-393.40511999999734
14.2525;-399.7638000000006
14.252777777777778;-402.5714399999977
14.253055555555555;-404.861760000001
14.253333333333334;-405.881640000003
14.25361111111111;-406.38923999999787
14.25388888888889;-405.3736799999983
14.254166666666666;-404.3599199999995
14.254444444444445;-405.37475999999674
14.254722222222222;-406.90296000000285
14.255;-408.9340799999983
14.255277777777778;-408.9355200000028
14.255555555555556;-407.407679999999
14.255833333333333;-404.3574000000009
14.25611111111111;-402.3216000000029
14.256388888888889;-401.8125600000004
14.256666666666666;-402.8320800000032
14.256944444444445;-405.8845199999986
14.257222222222222;-409.706280000002
14.2575;-415.04435999999646
14.257777777777777;-417.849839999998
14.258055555555556;-420.1398000000014
14.258333333333333;-421.158960000002
14.258611111111112;-421.16688000000244
14.258888888888889;-423.70560000000177
14.259166666666667;-425.48976000000033
14.259444444444444;-427.2696000000029
14.259722222222223;-427.7797200000039
14.26;-427.5288000000031
14.260277777777778;-428.29479399999906
14.260555555555555;-430.8379200000023
14.260833333333334;-433.63727999999725
14.261111111111111;-436.1839199999974
14.261388888888888;-438.47603999999734
14.261666666666667;-440.7692399999985
14.261944444444444;-443.5682399999963
14.262222222222222;-446.1163200000021
14.2625;-449.16803999999746
14.262777777777778;-451.2060000000028
14.263055555555555;-452.47716000000224
14.263333333333334;-452.2222799999975
14.26361111111111;-450.1882799999967
14.26388888888889;-447.8929199999994
14.264166666666666;-443.565719999998
14.264444444444445;-437.71319999999866
14.264722222222222;-432.36503999999667
14.265;-427.0197600000036
14.265277777777778;-422.69112000000155
14.265555555555556;-419.3784310000004
14.265833333333333;-416.0700000000028
14.266111111111112;-413.52875999999947
14.266388888888889;-411.4900800000007
14.266666666666667;-409.19903999999894
14.266944444444444;-406.90655999999694
14.267222222222221;-404.3584800000018
14.2675;-400.54139000000146
14.267777777777777;-396.72180000000174
14.268055555555556;-392.90111999999954
14.268333333333333;-388.5742799999976
14.268611111111111;-384.50124000000153
14.268888888888888;-381.189959999998
14.269166666666667;-378.13463999999817
14.269444444444444;-375.58907999999855
14.269722222222223;-373.8092400000033
14.27;-374.06016000000056
14.270277777777778;-374.5695600000021
14.270555555555555;-375.3334800000022
14.270833333333334;-376.60572000000286
14.27111111111111;-377.8797600000006
14.27138888888889;-379.4065199999987
14.271666666666667;-380.9350800000012
14.271944444444445;-382.7185200000007
14.272222222222222;-385.2640799999995
14.2725;-388.0645200000028
14.272777777777778;-390.8649599999991
14.273055555555555;-393.4097999999995
14.273333333333333;-395.19252000000046
14.27361111111111;-396.2141999999995
14.273888888888889;-397.99332000000305
14.274166666666666;-399.0153600000023
14.274444444444445;-400.7973599999965
14.274722222222222;-403.08911999999674
14.275;-405.8881200000026
14.275277777777777;-408.43260000000373
14.275555555555556;-409.96079999999904
14.275833333333333;-410.4712799999994
14.276111111111112;-410.4712799999994
14.276388888888889;-409.9625999999992
14.276666666666667;-409.197960000001
14.276944444444444;-407.9278799999968
14.277222222222223;-407.6758799999983
14.2775;-409.45572000000055
14.277777777777779;-411.9998400000017
14.278055555555556;-414.54432000000287
14.278333333333334;-416.3259599999975
14.278611111111111;-416.8360799999985
14.278888888888888;-416.57940000000224
14.279166666666667;-414.54504000000213
14.279444444444444;-411.99875999999625
14.279722222222222;-408.9434400000032
14.28;-405.6357599999974
14.280277777777778;-403.0894799999991
14.280555555555555;-401.30820000000347
14.280833333333334;-400.7995200000034
14.28111111111111;-401.81436000000065
14.28138888888889;-402.8328000000018
14.281666666666666;-403.8501599999985
14.281944444444445;-404.35884000000175
14.282222222222222;-403.84908
14.2825;-402.32268000000136
14.282777777777778;-400.2850799999992
14.283055555555556;-397.48715999999865
14.283333333333333;-395.19287999999966
14.283611111111112;-392.39424000000054
14.283888888888889;-390.10212000000104
14.284166666666666;-388.0656000000013
14.284444444444444;-386.53811999999726
14.284722222222221;-385.7738400000013
14.285;-385.52507999999705
14.285277777777777;-386.0323200000023
14.285555555555556;-386.5438800000012
14.285833333333333;-388.07316000000174
14.286111111111111;-391.12595999999655
14.286388888888888;-394.4361600000017
14.286666666666667;-398.002320000002
14.286944444444444;-402.3291599999967
14.287222222222223;-406.4022
14.2875;-409.9680000000011
14.287777777777778;-413.2774799999995
14.288055555555555;-416.0790000000016
14.288333333333334;-418.6242000000012
14.288611111111111;-420.1505999999965
14.28888888888889;-420.15167999999807
14.289166666666667;-419.13324000000085
14.289444444444445;-417.10104
14.289722222222222;-416.07756000000086
14.29;-414.0428400000014
14.290277777777778;-412.0059599999982
14.290555555555555;-409.9719599999973
14.290833333333333;-409.46039999999846
14.29111111111111;-409.4600399999993
14.29138888888889;-409.7149200000009
14.291666666666666;-410.2250400000019
14.291944444444445;-411.4954799999978
14.292222222222222;-412.51499999999754
14.2925;-413.53344000000203
14.292777777777777;-414.549719999997
14.293055555555556;-414.55332000000175
14.293333333333333;-415.06127999999813
14.293611111111112;-415.5710399999968
14.293888888888889;-416.33279999999706
14.294166666666667;-416.33532000000343
14.294444444444444;-416.58768000000185
14.294722222222223;-416.0790000000016
14.295;-415.315080000002
14.295277777777779;-414.043560000003
14.295555555555556;-413.0254799999979
14.295833333333333;-412.51499999999754
14.296111111111111;-412.0081200000021
14.296388888888888;-412.51499999999754
14.296666666666667;-413.0243999999994
14.296944444444444;-413.53128000000277
14.297222222222222;-413.02368000000104
14.2975;-412.2579599999967
14.297777777777778;-410.47955999999897
14.298055555555555;-409.46039999999846
14.298333333333334;-408.95136000000366
14.29861111111111;-408.9517200000028
14.29888888888889;-409.71636000000177
14.299166666666666;-411.4951199999979
14.299444444444445;-412.76879999999613
14.299722222222222;-413.7879599999967
14.3;-414.80568000000255
14.300277777777778;-415.3168800000022
14.300555555555556;-416.0786400000017
14.300833333333333;-416.33459999999724
14.301111111111112;-416.5902000000005
14.301388888888889;-417.0985200000016
14.301666666666666;-417.60683999999765
14.301944444444445;-417.60683999999765
14.302222222222222;-417.09744000000296
14.3025;-416.0797200000001
14.302777777777777;-415.06127999999813
14.303055555555556;-414.04176000000297
14.303333333333333;-412.5139199999991
14.303611111111111;-410.475960000002
14.303888888888888;-407.6827200000002
14.304166666666667;-405.1342800000027
14.304444444444444;-401.8247999999965
14.304722222222223;-398.26152000000155
14.305;-395.2072800000026
14.305277777777778;-393.16643999999997
14.305555555555555;-390.6248399999977
14.305833333333334;-389.6042400000034
14.306111111111111;-389.09556000000015
14.30638888888889;-389.60279999999864
14.306666666666667;-390.11435999999753
14.306944444444444;-391.6386000000035
14.307222222222222;-392.65595999999965
14.3075;-392.65595999999965
14.307777777777778;-391.6386000000035
14.308055555555555;-390.11111999999923
14.308333333333334;-388.0760400000007
14.30861111111111;-386.54711999999876
14.30888888888889;-385.0189200000028
14.309166666666666;-383.49360000000195
14.309444444444445;-382.9842000000002
14.309722222222222;-383.4910799999995
14.31;-384.0004799999979
14.310277777777777;-384.5095200000011
14.310555555555556;-385.0196400000014
14.310833333333333;-385.7842799999974
14.311111111111112;-387.0557999999986
14.311388888888889;-388.07352000000174
14.311666666666667;-388.58328000000273
14.311944444444444;-388.8360000000006
14.312222222222223;-387.82116000000326
14.3125;-387.05508000000003
14.312777777777777;-385.7842799999974
14.313055555555556;-385.02000000000146
14.313333333333333;-384.7658400000024
14.313611111111111;-385.02072
14.313888888888888;-386.03555999999736
14.314166666666667;-386.037719999997
14.314444444444444;-386.0373599999976
14.314722222222223;-385.7817600000017
14.315;-385.02072
14.315277777777778;-385.02000000000146
14.315555555555555;-385.5294000000032
14.315833333333334;-386.54819999999734
14.31611111111111;-388.078909999999
14.31638888888889;-391.3855199999994
14.316666666666666;-394.9527599999982
14.316944444444445;-399.78828000000016
14.317222222222222;-404.62416000000235
14.3175;-408.44555999999824
14.317777777777778;-412.0113599999992
14.318055555555556;-415.5771600000002
14.318333333333333;-419.3942400000011
14.31861111111111;-422.45243999999656
14.318888888888889;-425.76083999999713
14.319166666666666;-428.5634399999973
14.319444444444445;-431.61875999999785
14.319722222222222;-434.67192000000176
14.32;-436.4560800000003
14.320277777777777;-437.98067999999864
14.320555555555556;-437.73336000000313
14.320833333333333;-439.00163999999916
14.321111111111112;-439.5124799999988
14.321388888888889;-440.0193600000024
14.321666666666667;-439.51176000000027
14.321944444444444;-438.7489200000016
14.322222222222223;-437.9860800000036
14.3225;-437.73047999999704
14.322777777777778;-437.7348000000007
14.323055555555555;-437.4809999999968
14.323333333333334;-437.22791999999714
14.323611111111111;-437.7348000000007
14.323888888888888;-437.9914799999972
14.324166666666667;-438.7564800000027
14.324444444444444;-440.5384800000022
14.324722222222222;-443.08368000000183
14.325;-445.8862799999964
14.325277777777778;-449.69940000000145
14.325555555555555;-451.4864399999974
14.325833333333334;-453.2662800000002
14.32611111111111;-453.7753200000029
14.32638888888889;-453.0124800000021
14.326666666666666;-451.48355999999933
14.326944444444445;-448.6842000000023
14.327222222222222;-445.3725599999987
14.3275;-441.0467999999979
14.327777777777778;-436.96835999999746
14.328055555555556;-431.36999999999637
14.328333333333333;-426.0222000000018
14.328611111111112;-420.93108000000325
14.328888888888889;-416.85696000000195
14.329166666666667;-413.8027199999989
14.329444444444444;-412.5265200000021
14.329722222222221;-411.76404000000326
14.33;-412.01633200000185
14.330277777777777;-412.2698400000012
14.330555555555556;-412.01676000000106
14.330833333333333;-412.0156800000026
14.331111111111111;-411.75972
14.331388888888888;-410.486760000001
14.331666666666667;-408.45129000000253
14.331944444444444;-406.4148000000028
14.332222222222223;-404.6317200000026
14.3325;-402.8504400000027
14.332777777777778;-401.5742399999983
14.333055555555555;-399.5413200000033
14.333333333333334;-398.5218000000005
14.33361111111111;-398.26799999999764
14.33388888888889;-399.02937599999797
14.334166666666667;-399.79620000000057
14.334444444444445;-401.83235999999755
14.334722222222222;-404.6328000000013
14.335;-407.94371999999765
14.335277777777778;-412.01604000000174
14.335555555555555;-416.0897999999968
14.335833333333333;-419.9083199999978
14.33611111111111;-422.7087600000015
14.336388888888889;-424.2380400000032
14.336666666666666;-425.257919999998
14.336944444444445;-426.2742000000033
14.337222222222222;-426.27815999999945
14.3375;-427.04063999999823
14.337777777777777;-427.804920000002
14.338055555555556;-428.82191999999844
14.338333333333333;-429.3345599999979
14.338611111111112;-430.8584399999976
14.338888888888889;-431.62524000000064
14.339166666666667;-432.8981999999997
14.339444444444444;-434.42459999999784
14.339722222222223;-435.6968399999983
14.34;-436.207679999998
14.340277777777779;-436.7142000000023
14.340555555555556;-435.95459999999815
14.340833333333334;-435.9506400000021
14.341111111111111;-434.9365200000042
14.341388888888888;-434.9322000000006
14.341666666666667;-433.92203999999793
14.341944444444444;-433.4108399999991
14.342222222222222;-432.6472799999989
14.3425;-431.88444000000106
14.342777777777778;-431.62883999999735
14.343055555555555;-431.3742380000001
14.343333333333334;-431.12160000000233
14.34361111111111;-431.62631999999843
14.34388888888889;-430.8656399999965
14.344166666666666;-430.3544399999977
14.344444444444445;-429.3388800000021
14.344722222222222;-429.0811199999988
14.345;-428.3175600000015
14.345277777777778;-427.3016400000036
14.345555555555556;-427.043880000001
14.345833333333333;-426.2814000000021
14.346111111111112;-425.5167599999983
14.346388888888889;-424.500120000002
14.346666666666666;-423.98964000000166
14.346944444444444;-423.48167999999686
14.347222222222221;-423.73259999999766
14.3475;-422.9733600000038
14.347777777777777;-423.47916000000134
14.348055555555556;-423.7329599999968
14.348333333333333;-423.2239199999971
14.348611111111111;-421.95276000000246
14.348888888888888;-420.9343200000011
14.349166666666667;-420.1707600000007
14.349444444444444;-419.914799999998
14.349722222222223;-419.4068399999963
14.35;-419.4068399999963
14.350277777777778;-419.9150369999977
14.350555555555555;-420.1689600000038
14.350833333333334;-420.1707600000007
14.351111111111111;-420.67727999999687
14.35138888888889;-420.4263599999992
14.351666666666667;-420.93108000000325
14.351944444444445;-420.1718400000015
14.352222222222222;-420.4234800000014
14.3525;-420.1696800000023
14.352777777777778;-419.9151599999974
14.353055555555555;-419.6599200000012
14.353333333333333;-419.15016000000253
14.35361111111111;-418.1338799999972
14.35388888888889;-417.87684000000104
14.354166666666666;-417.11219999999815
14.354444444444445;-415.5861599999984
14.354722222222222;-414.0568799999975
14.355;-412.02287999999675
14.355277777777777;-410.74775999999827
14.355555555555556;-409.4726400000023
14.355833333333333;-407.44114999999755
14.356111111111112;-407.181599999998
14.356388888888889;-406.41911999999854
14.356666666666667;-405.90935999999755
14.356944444444444;-405.39995999999815
14.357222222222223;-404.8916400000023
14.3575;-404.63316000000043
14.357777777777779;-403.1096400000031
14.358055555555556;-402.0883200000032
14.358333333333333;-400.30847999999787
14.358611111111111;-399.0351599999989
14.358888888888888;-398.26835999999696
14.359166666666667;-396.7430399999994
14.359444444444444;-395.7231599999974
14.359722222222222;-394.7065199999998
14.36;-394.45018999999826
14.360277777777778;-394.1974799999973
14.360555555555555;-394.71047999999644
14.360833333333334;-395.97983999999815
14.36111111111111;-396.23867999999914
14.36138888888889;-397.2542399999983
14.361666666666666;-397.7632799999982
14.361944444444445;-397.76435999999916
14.362222222222222;-397.76507999999774
14.3625;-398.0206800000015
14.362777777777778;-398.7828000000012
14.363055555555556;-399.2939999999999
14.363333333333333;-400.3109999999967
14.363611111111112;-401.3290799999985
14.363888888888889;-402.09263999999894
14.364166666666666;-402.3478800000028
14.364444444444445;-402.3486000000021
14.364722222222222;-402.3478800000028
14.365;-402.09263999999894
14.365277777777777;-401.3297899999977
14.365555555555556;-400.5648000000026
14.365833333333333;-399.29256000000214
14.366111111111111;-398.0210400000009
14.366388888888888;-397.51091999999977
14.366666666666667;-397.25640000000175
14.366944444444444;-397.5112799999989
14.367222222222223;-398.2766399999966
14.3675;-400.0586399999982
14.367777777777778;-402.6045599999971
14.368055555555555;-405.9136800000007
14.368333333333334;-409.2238799999985
14.368611111111111;-412.5340800000032
14.36888888888889;-415.5883199999977
14.369166666666667;-417.6244800000026
14.369444444444444;-418.3891200000013
14.369722222222222;-418.13532000000214
14.37;-417.37067999999925
14.370277777777778;-415.591200000001
14.370555555555555;-414.0612000000009
14.370833333333334;-412.0272
14.37111111111111;-410.7531600000023
14.37138888888889;-409.9892400000027
14.371666666666666;-409.7336399999995
14.371944444444445;-409.7325600000018
14.372222222222222;-409.4780399999963
14.3725;-408.9693600000007
14.372777777777777;-408.459600000002
14.373055555555556;-407.6960400000023
14.373333333333333;-406.9332000000035
14.373611111111112;-406.67831999999896
14.373888888888889;-406.67831999999896
14.374166666666667;-406.93211999999824
14.374444444444444;-407.1880800000007
14.374722222222223;-407.9505599999994
14.375;-408.71339999999816
14.375277777777777;-408.97080000000153
14.375555555555556;-409.7332540000004
14.375833333333333;-410.4982799999977
14.376111111111111;-411.7697999999966
14.376388888888888;-412.78824000000174
14.376666666666667;-413.5528799999968
14.376944444444444;-414.3182400000018
14.377222222222223;-415.5897600000032
14.3775;-416.60783999999813
14.377777777777778;-417.1165200000015
14.378055555555555;-416.8648800000016
14.378333333333334;-417.1186799999977
14.37861111111111;-417.6255600000011
14.37888888888889;-417.37428000000114
14.379166666666666;-417.62807999999956
14.379444444444445;-418.1421599999969
14.379722222222222;-419.1616799999967
14.38;-421.19747999999754
14.380277777777778;-423.74267999999705
14.380555555555556;-426.2878799999968
14.380833333333333;-428.0713199999961
14.38111111111111;-429.59916000000015
14.381388888888889;-430.6157999999972
14.381666666666666;-430.36379999999815
14.381944444444445;-430.108920000002
14.382222222222222;-429.6002399999979
14.3825;-429.0897599999983
14.382777777777777;-428.3287199999965
14.383055555555556;-428.327999999998
14.383333333333333;-428.83668000000137
14.383611111111112;-429.60095999999714
14.383888888888889;-430.61796000000174
14.384166666666667;-431.3822400000003
14.384444444444444;-431.89092000000073
14.384722222222223;-431.8930799999999
14.385;-432.3999600000033
14.385277777777778;-432.40104000000173
14.385555555555555;-432.40248000000173
14.385833333333334;-432.91044000000363
14.386111111111111;-433.41947999999803
14.386388888888888;-433.929599999999
14.386666666666667;-434.69243999999776
14.386944444444444;-435.19932000000125
14.387222222222222;-434.44043999999855
14.3875;-434.4375600000011
14.387777777777778;-433.92779999999914
14.388055555555555;-432.91044000000363
14.388333333333334;-431.8930799999999
14.38861111111111;-431.3822400000003
14.38888888888889;-430.61868000000305
14.389166666666666;-429.855120000003
14.389444444444445;-429.3431999999974
14.389722222222222;-427.81643999999926
14.39;-425.78028000000234
14.390277777777778;-423.7429959999965
14.390555555555556;-421.7065199999971
14.390833333333333;-419.9255999999962
14.391111111111112;-419.15987999999976
14.391388888888889;-418.6501199999979
14.391666666666667;-418.14324000000255
14.391944444444444;-418.6490400000002
14.392222222222221;-418.6511999999995
14.3925;-419.1591600000012
14.392777777777777;-419.6685600000031
14.393055555555556;-420.1776000000027
14.393333333333333;-420.68591999999876
14.393611111111111;-420.6862799999981
14.393888888888888;-420.43391999999733
14.394166666666667;-420.68591999999876
14.394444444444444;-420.43247999999954
14.394722222222223;-420.176519999997
14.395;-419.4136799999983
14.395277777777778;-418.65191999999803
14.395555555555555;-418.6501199999979
14.395833333333334;-418.6511999999995
14.39611111111111;-419.15808000000277
14.39638888888889;-419.15808000000277
14.396666666666667;-418.6493999999994
14.396944444444445;-417.88584000000225
14.397222222222222;-417.1211999999963
14.3975;-416.10240000000283
14.397777777777778;-414.5741999999966
14.398055555555555;-412.54019999999883
14.398333333333333;-411.2683199999976
14.39861111111111;-409.99427999999756
14.398888888888889;-408.4678800000017
14.399166666666666;-407.4462000000024
14.399444444444445;-405.41256000000163
14.399722222222222;-404.13778800000165
14.4;-402.86664000000275
14.400277777777777;-402.3567080000016
14.400555555555556;-402.3550800000014
14.400833333333333;-402.3550800000014
14.401111111111112;-402.35580000000317
14.401388888888889;-402.60888000000017
14.401666666666667;-402.35327999999714
14.401944444444444;-401.33484000000254
14.402222222222223;-399.5528400000011
14.4025;-397.26287999999784
14.402777777777779;-395.223840000002
14.403055555555556;-392.6811599999986
14.403333333333334;-391.4042400000021
14.403611111111111;-389.8785599999983
14.403888888888888;-388.860120000001
14.404166666666667;-388.60559999999913
14.404444444444444;-389.11535999999774
14.404722222222222;-390.6406799999985
14.405;-391.918679999999
14.405277777777778;-394.9678799999997
14.405555555555555;-397.0072800000021
14.405833333333334;-399.0448799999994
14.40611111111111;-401.07887999999707
14.40638888888889;-401.8442400000019
14.406666666666666;-401.84243999999745
14.406944444444445;-400.31928000000363
14.407222222222222;-399.29936800000155
14.4075;-398.28060000000045
14.407777777777778;-397.26215999999863
14.408055555555556;-396.2433600000015
14.408333333333333;-395.2296000000027
14.408611111111112;-396.2433600000015
14.408888888888889;-397.26360000000363
14.409166666666666;-398.7892800000005
14.409444444444444;-400.0633200000012
14.409722222222221;-401.335920000001
14.41;-402.35400000000294
14.410277777777777;-402.86195999999717
14.410555555555556;-402.0994799999984
14.410833333333333;-400.8261599999993
14.411111111111111;-399.04272
14.411388888888888;-396.2444400000033
14.411666666666667;-393.95160000000135
14.411944444444444;-391.6616399999984
14.412222222222223;-390.1345200000011
14.4125;-389.62259000000296
14.412777777777778;-389.1160799999994
14.413055555555555;-389.87711999999783
14.413333333333334;-390.6403199999985
14.413611111111111;-390.8962800000014
14.41388888888889;-391.40315999999734
14.414166666666667;-391.1511599999981
14.414444444444445;-391.1518799999974
14.414722222222222;-391.6591199999994
14.415;-391.9165200000027
14.415277777777778;-392.9360400000023
14.415555555555555;-395.2249200000005
14.415833333333333;-397.518480000001
14.41611111111111;-400.57236000000063
14.41638888888889;-403.62948000000154
14.416666666666666;-407.1934800000016
14.416944444444445;-410.50309600000077
14.417222222222222;-413.3055600000009
14.4175;-414.8355599999963
14.417777777777777;-416.10815999999613
14.418055555555556;-416.87280000000203
14.418333333333333;-417.3814800000023
14.418611111111112;-417.3814800000023
14.418888888888889;-416.8724400000027
14.419166666666667;-415.85579999999766
14.419444444444444;-415.08936000000256
14.419722222222223;-413.56332000000344
14.42;-412.28999999999735
14.420277777777779;-411.0155999999976
14.420555555555556;-409.48668000000276
14.420833333333333;-407.1967199999995
14.421111111111111;-404.9056799999978
14.421388888888888;-402.8691599999983
14.421666666666667;-401.5969199999985
14.421944444444444;-401.5965599999985
14.422222222222222;-402.6160800000021
14.4225;-405.1565999999986
14.422777777777778;-406.4338800000015
14.423055555555555;-408.21299999999763
14.423333333333334;-408.9805199999982
14.42361111111111;-410.25024000000326
14.42388888888889;-410.5080000000028
14.424166666666666;-411.27084000000144
14.424444444444445;-412.0333200000034
14.424722222222222;-412.0344000000019
14.425;-411.7802400000033
14.425277777777778;-411.5242800000009
14.425555555555556;-410.50619999999816
14.425833333333333;-409.23179999999815
14.426111111111112;-407.19492000000247
14.426388888888889;-404.3919600000003
14.426666666666666;-400.06944000000135
14.426944444444445;-397.26396000000284
14.427222222222222;-393.955559999998
14.4275;-391.1551200000018
14.427777777777777;-389.1182400000027
14.428055555555556;-388.09872000000325
14.428333333333333;-387.59039999999925
14.428611111111111;-388.0998000000018
14.428888888888888;-389.62727999999834
14.429166666666667;-392.17392000000274
14.429444444444444;-395.7379199999995
14.429722222222223;-399.8106000000003
14.43;-403.374599999997
14.430277777777778;-405.92016000000325
14.430555555555555;-406.93680000000074
14.430833333333334;-405.6667199999996
14.431111111111111;-403.6309199999986
14.43138888888889;-401.3387999999991
14.431666666666667;-398.79503999999736
14.431944444444444;-397.26612000000233
14.432222222222222;-396.2483999999966
14.4325;-396.2483999999966
14.432777777777778;-397.2657600000031
14.433055555555555;-398.5383600000029
14.433333333333334;-399.8124000000006
14.43361111111111;-401.3398989999975
14.43388888888889;-403.1225999999977
14.434166666666666;-405.16092000000174
14.434444444444445;-407.95847999999984
14.434722222222222;-409.7466000000017
14.435;-413.05067999999915
14.435277777777777;-415.0915199999989
14.435555555555556;-417.3822000000016
14.435833333333333;-419.4223199999978
14.436111111111112;-422.4776399999978
14.436388888888889;-425.0260800000031
14.436666666666667;-427.8247199999988
14.436944444444444;-429.86304000000325
14.437222222222223;-431.64684000000267
14.4375;-433.6786799999982
14.437777777777777;-433.42811999999753
14.438055555555556;-432.9194400000025
14.438333333333333;-432.40824000000305
14.438611111111111;-430.8821999999987
14.438888888888888;-429.3543600000029
14.439166666666667;-427.8250799999982
14.439444444444444;-425.791079999998
14.439722222222223;-424.7715599999974
14.44;-424.26396000000057
14.440277777777778;-425.02428000000316
14.440555555555555;-425.2797979999987
14.440833333333334;-425.53295999999835
14.44111111111111;-425.02428000000316
14.44138888888889;-424.0058400000017
14.441666666666666;-422.73072000000275
14.441944444444445;-420.4425599999992
14.442222222222222;-418.65983999999844
14.4425;-417.3822000000016
14.442777777777778;-414.59003999999743
14.443055555555556;-414.57924000000156
14.443333333333333;-412.5488399999978
14.44361111111111;-411.2744399999978
14.443888888888889;-410.25419999999644
14.444166666666666;-408.9801599999988
14.444444444444445;-407.2010400000027
14.444722222222222;-406.43531999999857
14.445;-405.6728399999998
14.445277777777777;-405.67176000000205
14.445555555555556;-405.9262799999991
14.445833333333333;-406.4335200000015
14.446111111111112;-406.1811600000007
14.446388888888889;-406.17863999999753
14.446666666666667;-405.4161599999982
14.446944444444444;-404.6540399999987
14.447222222222223;-404.65151999999995
14.4475;-404.39664000000266
14.447777777777778;-403.63452000000314
14.448055555555555;-403.1258400000031
14.448333333333334;-403.12295999999765
14.448611111111111;-402.3611999999974
14.448888888888888;-401.8499999999979
14.449166666666667;-400.8340799999997
14.449444444444444;-400.32323000000014
14.449722222222222;-399.813119999999
14.45;-399.0499100000018
14.450277777777778;-398.28672000000057
14.450555555555555;-397.7751600000017
14.450833333333334;-396.5043600000022
14.45111111111111;-395.740080000003
14.45138888888889;-395.22924000000353
14.451666666666666;-394.2115100000011
14.451944444444445;-393.19415999999774
14.452222222222222;-392.68259999999884
14.4525;-391.66487000000023
14.452777777777778;-390.6467999999985
14.453055555555556;-389.88108000000153
14.453333333333333;-388.6110000000007
14.453611111111112;-388.3532399999981
14.453888888888889;-387.5911199999986
14.454166666666667;-387.08171999999934
14.454444444444444;-386.8275600000012
14.454722222222221;-387.08171999999934
14.455;-387.59327999999823
14.455277777777777;-388.3561200000032
14.455555555555556;-389.11860000000206
14.455833333333333;-389.1200400000031
14.456111111111111;-389.12076000000167
14.456388888888888;-389.3734799999994
14.456666666666667;-388.8651599999988
14.456944444444444;-388.10159999999814
14.457222222222223;-387.3384000000009
14.4575;-386.8282799999998
14.457777777777778;-386.31995999999907
14.458055555555555;-386.0625600000027
14.458333333333334;-385.0448400000004
14.45861111111111;-383.51952000000273
14.45888888888889;-382.7530799999971
14.459166666666667;-381.7357200000008
14.459444444444445;-380.9703599999995
14.459722222222222;-379.95264000000066
14.46;-378.9349199999983
14.460277777777778;-378.42371999999875
14.460555555555555;-377.66195999999854
14.460833333333333;-377.4067200000016
14.46111111111111;-377.4052799999979
14.461388888888889;-377.15111999999897
14.461666666666666;-376.89515999999696
14.461944444444445;-375.87851999999896
14.462222222222222;-375.1142400000031
14.4625;-374.3499599999974
14.462777777777777;-373.58711999999855
14.463055555555556;-373.33188000000155
14.463333333333333;-373.33116000000297
14.463611111111112;-373.33188000000155
14.463888888888889;-373.5860399999973
14.464166666666667;-373.84164000000334
14.464444444444444;-374.3488799999988
14.464722222222223;-374.3499599999974
14.465;-374.3499599999974
14.465277777777779;-374.3499599999974
14.465555555555556;-374.3499599999974
14.465833333333334;-374.3499599999974
14.466111111111111;-374.3499599999974
14.466388888888888;-374.3514000000016
14.466666666666667;-374.8604399999977
14.466944444444444;-375.87672000000197
14.467222222222222;-376.38756000000154
14.4675;-376.89804000000186
14.467777777777778;-377.91647999999674
14.468055555555555;-379.44216000000034
14.468333333333334;-380.4613199999972
14.46861111111111;-381.2248800000011
14.46888888888889;-381.4786800000001
14.469166666666666;-380.96999999999696
14.469444444444445;-379.95264000000066
14.469722222222222;-378.93312000000117
14.47;-377.6626799999977
14.470277777777778;-377.15219999999755
14.470555555555556;-377.1518399999982
14.470833333333333;-377.4078000000002
14.471111111111112;-378.422640000001
14.471388888888889;-378.6800400000008
14.471666666666666;-379.1872799999995
14.471944444444444;-379.18835999999806
14.472222222222221;-379.1869199999968
14.4725;-378.42551999999915
14.472777777777777;-378.16848000000186
14.473055555555556;-377.1518399999982
14.473333333333333;-376.3882800000009
14.473611111111111;-375.8788799999984
14.473888888888888;-375.88175999999754
14.474166666666667;-376.89947999999964
14.474444444444444;-378.4273200000029
14.474722222222223;-380.4634800000002
14.475;-382.50215999999966
14.475277777777778;-385.04627999999815
14.475555555555555;-387.0849600000011
14.475833333333334;-389.11968000000064
14.476111111111111;-390.1395600000026
14.47638888888889;-390.65004000000295
14.476666666666667;-391.1547600000024
14.476944444444445;-389.63088000000266
14.477222222222222;-387.8463600000014
14.4775;-385.0473599999993
14.477777777777778;-382.24836000000084
14.478055555555555;-380.4642000000021
14.478333333333333;-378.9352799999977
14.47861111111111;-377.156160000001
14.47888888888889;-376.8966000000013
14.479166666666666;-375.87995999999697
14.479444444444445;-375.1146000000023
14.479722222222222;-373.8409200000013
14.48;-371.80692000000056
14.480277777777777;-370.52784000000156
14.480555555555556;-367.4772000000027
14.480833333333333;-364.9276800000006
14.481111111111112;-361.6192800000026
14.481388888888889;-358.5614400000027
14.481666666666667;-354.9981600000019
14.481944444444444;-351.68687999999895
14.482222222222223;-348.37739999999945
14.4825;-345.57623999999845
14.482777777777779;-343.28340000000185
14.483055555555556;-341.24579999999844
14.483333333333333;-339.209640000001
14.483611111111111;-337.6814429999994
14.483888888888888;-336.66083999999813
14.484166666666667;-335.1330000000006
14.484444444444444;-333.3510239999983
14.484722222222222;-331.5679199999982
14.485;-329.5299600000003
14.485277777777778;-326.9844380000005
14.485555555555555;-324.4377979999992
14.485833333333334;-321.8900399999988
14.48611111111111;-318.83435999999887
14.48638888888889;-315.2714399999983
14.486666666666666;-312.2157599999984
14.486944444444445;-309.66947999999996
14.487222222222222;-307.88639999999987
14.4875;-306.61271999999803
14.487777777777778;-305.5942800000009
14.488055555555556;-305.0856000000024
14.488333333333333;-305.3386799999999
14.488611111111112;-305.5935599999992
14.488888888888889;-306.101519999998
14.489166666666666;-306.10223999999766
14.489444444444445;-305.84736000000265
14.489722222222222;-305.3379600000012
14.49;-304.5740399999999
14.490277777777777;-303.55776000000077
14.490555555555556;-303.3010979999998
14.490833333333333;-303.0480000000002
14.491111111111111;-303.5573999999973
14.491388888888888;-304.5758400000017
14.491666666666667;-306.1040399999992
14.491944444444444;-308.1383999999993
14.492222222222223;-309.66767999999826
14.4925;-311.19335999999976
14.492777777777778;-311.7052800000018
14.493055555555555;-311.7031199999972
14.493333333333334;-310.17600000000186
14.493611111111111;-307.6297199999999
14.49388888888889;-304.32023999999967
14.494166666666667;-300.4995600000006
14.494444444444444;-295.91723
14.494722222222222;-291.3325200000007
14.495;-286.4948399999986
14.495277777777778;-281.65715999999753
14.495555555555555;-277.0736399999984
14.495833333333334;-272.99880000000024
14.49611111111111;-269.43371999999914
14.49638888888889;-266.37767999999875
14.496666666666666;-263.8310400000017
14.496944444444445;-261.7937999999996
14.497222222222222;-260.2656000000001
14.4975;-259.24643999999745
14.497777777777777;-258.48180000000133
14.498055555555556;-257.7193200000013
14.498333333333333;-257.71644000000026
14.498611111111112;-257.209560000001
14.498888888888889;-257.2073999999985
14.499166666666667;-256.6991860000004
14.499444444444444;-256.18895999999955
14.499722222222223;-255.1705200000007
14.5;-253.6434000000007
